{"cameraMode":{"drawMode":0,"name":"Shaded","section":"Shading Mode"},"sceneLighting":false,"audioPlay":false,"sceneViewState":{"m_AlwaysRefresh":false,"showFog":true,"showSkybox":false,"showFlares":true,"showImageEffects":true,"showParticleSystems":true,"showVisualEffectGraphs":true,"m_FxEnabled":true},"in2DMode":false,"pivot":{"x":0.7658648490905762,"y":1.5194865465164185,"z":-1.209902048110962},"rotation":{"x":0.01934089884161949,"y":-0.9274929761886597,"z":0.048458900302648547,"w":0.37023407220840456},"size":1.4822158813476563,"orthographic":false}